,title,url,label
0,코인시황 비트코인 1만9463달러 리플 8 급등‧이더리움 1332달러,http://www.g-enews.com/ko-kr/news/article/news_all/202209300752271373c4c55f9b3d_1/article.html,1
1,비트코인 2700만원대 횡보이더리움 190만원선 아슬,http://www.newsis.com/view/?id=NISX20220930_0002032786&cID=15001&pID=15000,0
2,이더리움 머지 후 당면과제는확장성과 용량 개선해야,http://coinreaders.com/47124,0
3,美 CFTC 위원장 비트코인이더리움은 디지털 토큰의회에 규제 권한 요청,https://www.tokenpost.kr/article-107224,0
4,리본파이낸스 이더리움 롤업 기반 옵션 거래소 출시,https://www.tokenpost.kr/article-106972,1
5,코인 빅데이터 머지 업데이트 이후 변화이더리움ETH vs 이더리움클래식,http://coinreaders.com/47064,0
6,오전 암호화폐 시세 비트코인 2700만원이더리움 190만원대다른 코인 대체,https://www.ekn.kr/web/view.php?key=20220930010005339,0
7,미국 뉴욕증시 급락에도 비트코인이더리움이더리움클래식 견조한 시세,https://www.socialvalue.kr/news/view/1065555278078393,-1
8,비트코인 이더리움 하방 경직 보이나 기간조정 불가피관건은 금리와 주요 ,https://idsn.co.kr/news/view/1065574422463316,0
9,마감 시세브리핑 영국발 호조에 상승 흐름 지속비트코인이더리움 3 ↑,https://www.tokenpost.kr/article-107121,1
10,이더리움 10월말까지 13 상승한다 글로벌 암호화폐 커뮤니티 여론조사,http://www.econonews.co.kr/news/articleView.html?idxno=261516,1
11,美증시 불안에 코인 가격 줄다리기가격 하락세 이어질 것 코인스캐너,https://www.hankyung.com/economy/article/202209306926i,-1
12,오늘부터 모든 미국 페북인스타 사용자 NFT 공유 가능 등,http://news.mk.co.kr/newsRead.php?no=864256&year=2022,0
13,크립토 브리핑 2만달러 내외 횡보하는 비트코인리플은 홀로 상승중,https://www.techm.kr/news/articleView.html?idxno=101971,1
14,미국 상품선물거래위원장 비트코인 2배 상승 전망 이유는,https://www.khgames.co.kr/news/articleView.html?idxno=204523,1
15,코인시황 비트코인 정말 바닥일까 반등 초기 신호 나타나,http://www.coindeskkorea.com/news/articleView.html?idxno=81551,0
16,토큰포스트 마감 브리핑 금감원 가상자산 규제 EU법안 미카 참고할 것 外,https://www.tokenpost.kr/article-107123,0
17,컴투스 메인넷 XPLA 싱가포르 토큰2049에 뜬다,https://zdnet.co.kr/view/?no=20220929150757,0
18,코인 사기 30대 징역 5년벌금 10억 법원 사기죄 판단 기준 제시,https://view.asiae.co.kr/article/2022092923222951120,-1
19,비트코인 美 뉴욕증시 급락에도 보합권 1만9000달러선 거래,http://moneys.mt.co.kr/news/mwView.php?no=2022093008032574210,-1
20,울프리서치 비트코인 사이클상 1만3천달러 추락 가능성,http://www.wowtv.co.kr/NewsCenter/News/Read?articleId=A202209300037&t=NN,0
21,글루와 폴리곤 파트너십 체결,https://www.etnews.com/20220929000244,1
22,코인뉴스 美 증시 급락해도비트코인 하락폭 선방,https://www.dailian.co.kr/news/view/1157906/?sc=Naver,-1
23,마켓뷰 코스피지수 외국인 사자’에도 2170선 턱걸이 마감,https://biz.chosun.com/stock/market_trend/2022/09/29/G4E7TDUISND33LFGAD2DXRDHEM/?utm_source=naver&utm_medium=original&utm_campaign=biz,0
24,포르투갈 해변에 모이는 코인 지지자들그래도 오른다,http://www.newsis.com/view/?id=NISX20220929_0002031994&cID=10101&pID=10100,0
25,비트코인 두 배 간다,https://www.econovill.com/news/articleView.html?idxno=591040,0
26,코인뉴스 강달러 주춤하자비트코인 2800만원대 재진입,https://www.dailian.co.kr/news/view/1157770/?sc=Naver,-1
27,비트코인 1만9000달러 횡보반등 도모할 동력이 없네,http://www.edaily.co.kr/news/newspath.asp?newsid=01285766632465368,1
28,코인 거래 줄어도 수수료 인하 경쟁 치열코인베이스 팔아라,http://www.edaily.co.kr/news/newspath.asp?newsid=03883526632465040,0
29,가상화폐 시황 비트코인 1만9000달러대 유지리플 7↑,https://daily.hankooki.com/news/articleView.html?idxno=877266,1
30,실패한 코인 사업가인가 사기꾼인가法 3가지 판단기준 제시,https://www.ajunews.com/view/20220930103527328,-1
31,WEEKLY BIZ 막대한 전기 낭비 코인 채굴 금지해야 백악관 보고서 가,https://www.chosun.com/economy/mint/2022/09/29/HDY2PAEDIVA2FHRCNWMSWIINVQ/?utm_source=naver&utm_medium=referral&utm_campaign=naver-news,0
32,美 SEC 하이드로겐문워커스 기소에어드롭 통한 토큰가격 조작 혐의,http://www.fnnews.com/news/202209291648101588,-1
33,블록체인 대중화 되나사용성 개선 블록체인 플랫폼 속속 출시,https://news.mtn.co.kr/news-detail/2022093010311363044,1
34,책꽂이웹30 개척자들이 전하는 산업 전망,https://www.sedaily.com/NewsView/26B9H9XFIL,0
35,비트코인 원화 거래량 3위에서 밀려한국인은 알트코인을 더 사랑해,https://view.asiae.co.kr/article/2022093006072044339,0
36,9월 30일 디지털자산 주요뉴스,http://www.greendaily.co.kr/news/articleView.html?idxno=63613,0
37,P2E 올인 위메이드 장현국 위믹스 띄우기 통할까,https://www.newsway.co.kr/news/view?tp=1&ud=2022092914303773321,0
38,이석우 두나무 대표 코인 투기로만 보면 한치도 못 나간다,http://www.edaily.co.kr/news/newspath.asp?newsid=03106166632465040,0
39,머지 이후 블록체인 검열 우려 커졌다ETH 블록의 23 토네이도캐시 제재,https://www.codingworldnews.com/news/articleView.html?idxno=12685,-1
40,IT이슈 라인게임즈 엑소스 히어로즈’ 신규 신화 영웅 카드모스’ 공개,http://www.lawissue.co.kr/view.php?ud=202209291742083482204ead0791_12,0
41,우보세 코인입법 불비 속 방치되는 투자자들,http://news.mt.co.kr/mtview.php?no=2022092916281444383,0
42,0743 가상자산 비트코인 美 증시 디커플링 2700만원선,http://www.shinailbo.co.kr/news/articleView.html?idxno=1605238,0
43,비트코인 2800만원 돌파 초읽기 다음은,https://www.econovill.com/news/articleView.html?idxno=591098,1
44,가상화폐 시세와 미국증시 디커플링’ 조사기관 강세장 진입하는 신호,https://www.businesspost.co.kr/BP?command=article_view&num=294208,1
45,비트코인 2700만 원대 머물러 미국경기 침체로 가상화폐 하락 중,https://www.businesspost.co.kr/BP?command=article_view&num=294155,-1
46,비트코인 2740만원 이오스 1700원시장 상황은,https://www.econovill.com/news/articleView.html?idxno=591104,0
47,100만 원 먹고 튀어라 국내 투자자 노리는 북한 가상자산 먹튀 조직,https://ilyo.co.kr/?ac=article_view&entry_id=437571,0
48,비트코인 꿈틀기관 투자자도 힘 보태나,https://www.econovill.com/news/articleView.html?idxno=591078,0
49,비트코인 남은 채굴량 200만개시세 변수는,https://www.econovill.com/news/articleView.html?idxno=591102,0
50,오후 암호화폐 시세 오브스보아↑다른 코인은 여전히 하락세,https://www.ekn.kr/web/view.php?key=20220929010005212,0
51,디파이크로스체인에 힘 싣는 오지스라경수 COO 중요한 건 소유권,https://www.techm.kr/news/articleView.html?idxno=101951,0
52,코인베이스 주가 웰스파고 매도 의견에 7 급락,https://www.khgames.co.kr/news/articleView.html?idxno=204509,-1
53,레저메타버스 무한개 DAO 위한 블록체인 메인넷,http://www.it-b.co.kr/news/articleView.html?idxno=63018,0
54,비트코인 2700만 원대 머물러 거시경제 상황 나빠도 시세 안정적 유지,https://www.businesspost.co.kr/BP?command=article_view&num=294113,0
55,아침브리핑 바이낸스 ETHW를 위한 채굴풀 운영,http://www.coindeskkorea.com/news/articleView.html?idxno=81554,0
56,러시아 국경 간 결제 가상화폐 목록에서 비트코인 배제하나,https://www.khgames.co.kr/news/articleView.html?idxno=204512,0
57,바이비트 M2E 프로젝트 PUMLx 런치패드 실시,https://www.khgames.co.kr/news/articleView.html?idxno=204492,0
58,더벨코인거래소 상장법칙고팍스 종목은 적지만 단독상장으로 틈새 공략,http://www.thebell.co.kr/front/free/contents/news/article_view.asp?key=202209280929440600109670,0
59,전 구글 CEO 웹3 현실보다 마케팅 앞서,https://www.tokenpost.kr/article-107114,0
60,가상화폐플로우 급등하고 위믹스는 급락리플웨이브엑시인피니티 소폭 ,https://www.socialvalue.kr/news/view/1065556009359827,0
61,디파이 약세장 생존 가능했던 이유는잠재적 성장 가능성 높다,http://coinreaders.com/47088,0
62,QCP 캐피털 설립자 다음 내러티브는 비트코인 반감기,https://www.tokenpost.kr/article-106983,0
63,토큰포스트 오후 브리핑 오늘 BTC 20억7000만달러ETH 19억3000만달러 상당,https://www.tokenpost.kr/article-107235,0
64,日 월렛 개발사 긴코 아스타 네트워크 지원,https://www.tokenpost.kr/article-106977,0
65,도예리의 NFT 레이더 LG컴투스위메이드가 찍은 美 스타트업증강현,https://decenter.kr/NewsView/26B9HOG4VN,0
66,송치형이석우 하이브와 합작사 레벨스로 웹3해외 시장 공략,http://www.coindeskkorea.com/news/articleView.html?idxno=81550,0
67,비트멕스 CEO 암호화폐 약세장에도 기관 투자 관심 더 늘었다노보그라츠,http://coinreaders.com/47074,-1
68,마크 저커버그 유년기 야구 카드 뉴욕 경매서 10만5000달러에 낙찰,https://www.codingworldnews.com/news/articleView.html?idxno=12692,0
69,시세브리핑 美 증시 급락비트코인 1만9450달러선 방어 중,https://www.tokenpost.kr/article-107208,-1
